{"cameraMode":{"drawMode":0,"name":"Shaded","section":"Shading Mode"},"sceneLighting":true,"audioPlay":false,"sceneViewState":{"showFog":true,"showMaterialUpdate":false,"showSkybox":true,"showFlares":true,"showImageEffects":true,"showParticleSystems":true},"in2DMode":false,"pivot":{"x":-0.3209468722343445,"y":1.3279802799224854,"z":0.08426548540592194},"rotation":{"x":0.01586073823273182,"y":-0.7886334657669067,"z":0.020357057452201844,"w":0.6143280863761902},"size":0.5927246809005737,"orthographic":false}